"","city","city_ibge_code","date","epidemiological_week","estimated_population_2019","is_last","is_repeated","last_available_confirmed","last_available_confirmed_per_100k_inhabitants","last_available_date","last_available_death_rate","last_available_deaths","order_for_place","place_type","state","new_confirmed","new_deaths","tempo"
"1","São Paulo",3550308,2020-02-25,9,12252023,"False","False",1,0.00816,"2020-02-25",0,0,1,"city","SP",1,0,0
"2","São Paulo",3550308,2020-02-26,9,12252023,"False","False",1,0.00816,"2020-02-26",0,0,2,"city","SP",0,0,1
"3","São Paulo",3550308,2020-02-27,9,12252023,"False","False",1,0.00816,"2020-02-27",0,0,3,"city","SP",0,0,2
"4","São Paulo",3550308,2020-02-28,9,12252023,"False","False",2,0.01632,"2020-02-28",0,0,4,"city","SP",1,0,3
"5","São Paulo",3550308,2020-02-29,9,12252023,"False","False",2,0.01632,"2020-02-29",0,0,5,"city","SP",0,0,4
"6","São Paulo",3550308,2020-03-01,10,12252023,"False","False",2,0.01632,"2020-03-01",0,0,6,"city","SP",0,0,5
"7","São Paulo",3550308,2020-03-02,10,12252023,"False","False",2,0.01632,"2020-03-02",0,0,7,"city","SP",0,0,6
"8","São Paulo",3550308,2020-03-03,10,12252023,"False","False",2,0.01632,"2020-03-03",0,0,8,"city","SP",0,0,7
"9","São Paulo",3550308,2020-03-04,10,12252023,"False","False",3,0.02449,"2020-03-04",0,0,9,"city","SP",1,0,8
"10","São Paulo",3550308,2020-03-05,10,12252023,"False","False",6,0.04897,"2020-03-05",0,0,10,"city","SP",3,0,9
"11","São Paulo",3550308,2020-03-06,10,12252023,"False","True",6,0.04897,"2020-03-05",0,0,11,"city","SP",0,0,10
"12","São Paulo",3550308,2020-03-07,10,12252023,"False","False",12,0.09794,"2020-03-07",0,0,12,"city","SP",6,0,11
"13","São Paulo",3550308,2020-03-08,11,12252023,"False","False",15,0.12243,"2020-03-08",0,0,13,"city","SP",3,0,12
"14","São Paulo",3550308,2020-03-09,11,12252023,"False","False",15,0.12243,"2020-03-09",0,0,14,"city","SP",0,0,13
"15","São Paulo",3550308,2020-03-10,11,12252023,"False","False",18,0.14691,"2020-03-10",0,0,15,"city","SP",3,0,14
"16","São Paulo",3550308,2020-03-11,11,12252023,"False","False",29,0.2367,"2020-03-11",0,0,16,"city","SP",11,0,15
"17","São Paulo",3550308,2020-03-12,11,12252023,"False","False",44,0.35912,"2020-03-12",0,0,17,"city","SP",15,0,16
"18","São Paulo",3550308,2020-03-13,11,12252023,"False","True",44,0.35912,"2020-03-12",0,0,18,"city","SP",0,0,17
"19","São Paulo",3550308,2020-03-14,11,12252023,"False","False",62,0.50604,"2020-03-14",0,0,19,"city","SP",18,0,18
"20","São Paulo",3550308,2020-03-15,12,12252023,"False","True",62,0.50604,"2020-03-14",0,0,20,"city","SP",0,0,19
"21","São Paulo",3550308,2020-03-16,12,12252023,"False","False",145,1.18348,"2020-03-16",0,0,21,"city","SP",83,0,20
"22","São Paulo",3550308,2020-03-17,12,12252023,"False","False",156,1.27326,"2020-03-17",0.0064,1,22,"city","SP",11,1,21
"23","São Paulo",3550308,2020-03-18,12,12252023,"False","False",214,1.74665,"2020-03-18",0.014,3,23,"city","SP",58,2,22
"24","São Paulo",3550308,2020-03-19,12,12252023,"False","False",259,2.11394,"2020-03-19",0.0193,5,24,"city","SP",45,2,23
"25","São Paulo",3550308,2020-03-20,12,12252023,"False","False",306,2.49755,"2020-03-20",0.0294,9,25,"city","SP",47,4,24
"26","São Paulo",3550308,2020-03-21,12,12252023,"False","True",306,2.49755,"2020-03-20",0.0294,9,26,"city","SP",0,0,25
"27","São Paulo",3550308,2020-03-22,13,12252023,"False","True",306,2.49755,"2020-03-20",0.0294,9,27,"city","SP",0,0,26
"28","São Paulo",3550308,2020-03-23,13,12252023,"False","True",306,2.49755,"2020-03-20",0.0294,9,28,"city","SP",0,0,27
"29","São Paulo",3550308,2020-03-24,13,12252023,"False","True",306,2.49755,"2020-03-20",0.0294,9,29,"city","SP",0,0,28
"30","São Paulo",3550308,2020-03-25,13,12252023,"False","False",722,5.8929,"2020-03-25",0.0609,44,30,"city","SP",416,35,29
"31","São Paulo",3550308,2020-03-26,13,12252023,"False","False",899,7.33756,"2020-03-26",0.059,53,31,"city","SP",177,9,30
"32","São Paulo",3550308,2020-03-27,13,12252023,"False","False",1044,8.52104,"2020-03-27",0.0594,62,32,"city","SP",145,9,31
"33","São Paulo",3550308,2020-03-28,13,12252023,"False","True",1044,8.52104,"2020-03-27",0.0594,62,33,"city","SP",0,0,32
"34","São Paulo",3550308,2020-03-29,14,12252023,"False","True",1044,8.52104,"2020-03-27",0.0594,62,34,"city","SP",0,0,33
"35","São Paulo",3550308,2020-03-30,14,12252023,"False","False",1233,10.06364,"2020-03-30",0.0835,103,35,"city","SP",189,41,34
"36","São Paulo",3550308,2020-03-31,14,12252023,"False","False",1885,15.38521,"2020-03-31",0.0642,121,36,"city","SP",652,18,35
"37","São Paulo",3550308,2020-04-01,14,12252023,"False","False",2418,19.73552,"2020-04-01",0.0596,144,37,"city","SP",533,23,36
"38","São Paulo",3550308,2020-04-02,14,12252023,"False","False",2815,22.9758,"2020-04-02",0.0583,164,38,"city","SP",397,20,37
"39","São Paulo",3550308,2020-04-03,14,12252023,"False","False",3202,26.13446,"2020-04-03",0.0581,186,39,"city","SP",387,22,38
"40","São Paulo",3550308,2020-04-04,14,12252023,"False","False",3496,28.53406,"2020-04-04",0.0606,212,40,"city","SP",294,26,39
"41","São Paulo",3550308,2020-04-05,15,12252023,"False","False",3612,29.48085,"2020-04-05",0.0609,220,41,"city","SP",116,8,40
"42","São Paulo",3550308,2020-04-06,15,12252023,"False","False",3754,30.63984,"2020-04-06",0.065,244,42,"city","SP",142,24,41
"43","São Paulo",3550308,2020-04-07,15,12252023,"False","False",4258,34.75344,"2020-04-07",0.0695,296,43,"city","SP",504,52,42
"44","São Paulo",3550308,2020-04-08,15,12252023,"False","False",4947,40.37701,"2020-04-08",0.0685,339,44,"city","SP",689,43,43
"45","São Paulo",3550308,2020-04-09,15,12252023,"False","False",5477,44.70282,"2020-04-09",0.0701,384,45,"city","SP",530,45,44
"46","São Paulo",3550308,2020-04-10,15,12252023,"False","False",5982,48.82459,"2020-04-10",0.0684,409,46,"city","SP",505,25,45
"47","São Paulo",3550308,2020-04-11,15,12252023,"False","False",6131,50.04072,"2020-04-11",0.0688,422,47,"city","SP",149,13,46
"48","São Paulo",3550308,2020-04-12,16,12252023,"False","False",6352,51.8445,"2020-04-12",0.0701,445,48,"city","SP",221,23,47
"49","São Paulo",3550308,2020-04-13,16,12252023,"False","False",6418,52.38319,"2020-04-13",0.0711,456,49,"city","SP",66,11,48
"50","São Paulo",3550308,2020-04-14,16,12252023,"False","False",6705,54.72566,"2020-04-14",0.0764,512,50,"city","SP",287,56,49
"51","São Paulo",3550308,2020-04-15,16,12252023,"False","False",7764,63.36913,"2020-04-15",0.0719,558,51,"city","SP",1059,46,50
"52","São Paulo",3550308,2020-04-16,16,12252023,"False","False",7908,64.54444,"2020-04-16",0.0763,603,52,"city","SP",144,45,51
"53","São Paulo",3550308,2020-04-17,16,12252023,"False","False",8744,71.36781,"2020-04-17",0.0735,643,53,"city","SP",836,40,52
"54","São Paulo",3550308,2020-04-18,16,12252023,"False","False",9428,76.95056,"2020-04-18",0.0728,686,54,"city","SP",684,43,53
"55","São Paulo",3550308,2020-04-19,17,12252023,"False","False",9668,78.90942,"2020-04-19",0.0724,700,55,"city","SP",240,14,54
"56","São Paulo",3550308,2020-04-20,17,12252023,"False","False",9815,80.10922,"2020-04-20",0.0728,715,56,"city","SP",147,15,55
"57","São Paulo",3550308,2020-04-21,17,12252023,"False","False",10342,84.41055,"2020-04-21",0.0728,753,57,"city","SP",527,38,56
"58","São Paulo",3550308,2020-04-22,17,12252023,"False","False",10691,87.25906,"2020-04-22",0.0728,778,58,"city","SP",349,25,57
"59","São Paulo",3550308,2020-04-23,17,12252023,"False","False",11225,91.61752,"2020-04-23",0.0812,912,59,"city","SP",534,134,58
"60","São Paulo",3550308,2020-04-24,17,12252023,"False","False",11800,96.31063,"2020-04-24",0.0856,1010,60,"city","SP",575,98,59
"61","São Paulo",3550308,2020-04-25,17,12252023,"False","False",13098,106.90479,"2020-04-25",0.0839,1099,61,"city","SP",1298,89,60
"62","São Paulo",3550308,2020-04-26,18,12252023,"False","False",13513,110.29199,"2020-04-26",0.0824,1114,62,"city","SP",415,15,61
"63","São Paulo",3550308,2020-04-27,18,12252023,"False","False",13989,114.17706,"2020-04-27",0.0838,1172,63,"city","SP",476,58,62
"64","São Paulo",3550308,2020-04-28,18,12252023,"False","False",15397,125.66904,"2020-04-28",0.0858,1321,64,"city","SP",1408,149,63
"65","São Paulo",3550308,2020-04-29,18,12252023,"False","False",16638,135.79798,"2020-04-29",0.0865,1439,65,"city","SP",1241,118,64
"66","São Paulo",3550308,2020-04-30,18,12252023,"False","False",18149,148.13064,"2020-04-30",0.0839,1522,66,"city","SP",1511,83,65
"67","São Paulo",3550308,2020-05-01,18,12252023,"False","False",19087,155.78652,"2020-05-01",0.0842,1607,67,"city","SP",938,85,66
"68","São Paulo",3550308,2020-05-02,18,12252023,"False","False",19494,159.10842,"2020-05-02",0.0852,1661,68,"city","SP",407,54,67
"69","São Paulo",3550308,2020-05-03,19,12252023,"False","False",19822,161.78553,"2020-05-03",0.0844,1673,69,"city","SP",328,12,68
"70","São Paulo",3550308,2020-05-04,19,12252023,"False","False",20073,163.83417,"2020-05-04",0.0838,1683,70,"city","SP",251,10,69
"71","São Paulo",3550308,2020-05-05,19,12252023,"False","False",21140,172.54293,"2020-05-05",0.0852,1801,71,"city","SP",1067,118,70
"72","São Paulo",3550308,2020-05-06,19,12252023,"False","False",23187,189.25038,"2020-05-06",0.0824,1910,72,"city","SP",2047,109,71
"73","São Paulo",3550308,2020-05-07,19,12252023,"False","False",24273,198.11422,"2020-05-07",0.0818,1986,73,"city","SP",1086,76,72
"74","São Paulo",3550308,2020-05-08,19,12252023,"False","False",25367,207.04336,"2020-05-08",0.0832,2110,74,"city","SP",1094,124,73
"75","São Paulo",3550308,2020-05-09,19,12252023,"False","False",26787,218.63328,"2020-05-09",0.083,2223,75,"city","SP",1420,113,74
"76","São Paulo",3550308,2020-05-10,20,12252023,"False","False",27307,222.87748,"2020-05-10",0.083,2266,76,"city","SP",520,43,75
"77","São Paulo",3550308,2020-05-11,20,12252023,"False","False",27771,226.66461,"2020-05-11",0.0821,2281,77,"city","SP",464,15,76
"78","São Paulo",3550308,2020-05-12,20,12252023,"False","False",28682,234.10012,"2020-05-12",0.0839,2405,78,"city","SP",911,124,77
"79","São Paulo",3550308,2020-05-13,20,12252023,"False","False",30402,248.13861,"2020-05-13",0.082,2494,79,"city","SP",1720,89,78
"80","São Paulo",3550308,2020-05-14,20,12252023,"False","False",31873,260.14479,"2020-05-14",0.0814,2596,80,"city","SP",1471,102,79
"81","São Paulo",3550308,2020-05-15,20,12252023,"False","False",33992,277.4399,"2020-05-15",0.0787,2674,81,"city","SP",2119,78,80
"82","São Paulo",3550308,2020-05-16,20,12252023,"False","False",35429,289.16857,"2020-05-16",0.0788,2792,82,"city","SP",1437,118,81
"83","São Paulo",3550308,2020-05-17,21,12252023,"False","False",35931,293.26585,"2020-05-17",0.0789,2835,83,"city","SP",502,43,82
"84","São Paulo",3550308,2020-05-18,21,12252023,"False","False",36188,295.36347,"2020-05-18",0.0789,2856,84,"city","SP",257,21,83
"85","São Paulo",3550308,2020-05-19,21,12252023,"False","False",37640,307.21457,"2020-05-19",0.0805,3029,85,"city","SP",1452,173,84
"86","São Paulo",3550308,2020-05-20,21,12252023,"False","False",39466,322.11823,"2020-05-20",0.0794,3135,86,"city","SP",1826,106,85
"87","São Paulo",3550308,2020-05-21,21,12252023,"False","False",41451,338.31964,"2020-05-21",0.0781,3238,87,"city","SP",1985,103,86
"88","São Paulo",3550308,2020-05-22,21,12252023,"False","False",42973,350.74208,"2020-05-22",0.078,3352,88,"city","SP",1522,114,87
"89","São Paulo",3550308,2020-05-23,21,12252023,"False","False",44887,366.36399,"2020-05-23",0.0778,3491,89,"city","SP",1914,139,88
"90","São Paulo",3550308,2020-05-24,22,12252023,"False","False",45527,371.58761,"2020-05-24",0.0776,3534,90,"city","SP",640,43,89
"91","São Paulo",3550308,2020-05-25,22,12252023,"False","False",46204,377.11323,"2020-05-25",0.0769,3555,91,"city","SP",677,21,90
"92","São Paulo",3550308,2020-05-26,22,12252023,"False","False",47554,388.13182,"2020-05-26",0.0776,3691,92,"city","SP",1350,136,91
"93","São Paulo",3550308,2020-05-27,22,12252023,"False","False",49264,402.0887,"2020-05-27",0.0777,3826,93,"city","SP",1710,135,92
"94","São Paulo",3550308,2020-05-28,22,12252023,"False","False",52719,430.28812,"2020-05-28",0.0751,3958,94,"city","SP",3455,132,93
"95","São Paulo",3550308,2020-05-29,22,12252023,"False","False",55741,454.95344,"2020-05-29",0.0738,4116,95,"city","SP",3022,158,94
"96","São Paulo",3550308,2020-05-30,22,12252023,"False","False",58619,478.44344,"2020-05-30",0.0723,4239,96,"city","SP",2878,123,95
"97","São Paulo",3550308,2020-05-31,23,12252023,"False","False",60131,490.78426,"2020-05-31",0.0712,4280,97,"city","SP",1512,41,96
"98","São Paulo",3550308,2020-06-01,23,12252023,"False","False",61126,498.90536,"2020-06-01",0.0704,4304,98,"city","SP",995,24,97
"99","São Paulo",3550308,2020-06-02,23,12252023,"False","False",64443,525.97844,"2020-06-02",0.0689,4443,99,"city","SP",3317,139,98
"100","São Paulo",3550308,2020-06-03,23,12252023,"False","False",66777,545.02836,"2020-06-03",0.0683,4564,100,"city","SP",2334,121,99
"101","São Paulo",3550308,2020-06-04,23,12252023,"False","False",69347,566.00449,"2020-06-04",0.0674,4675,101,"city","SP",2570,111,100
"102","São Paulo",3550308,2020-06-05,23,12252023,"False","False",71453,583.19349,"2020-06-05",0.0672,4805,102,"city","SP",2106,130,101
"103","São Paulo",3550308,2020-06-06,23,12252023,"False","False",73861,602.84738,"2020-06-06",0.0664,4901,103,"city","SP",2408,96,102
"104","São Paulo",3550308,2020-06-07,24,12252023,"False","False",74796,610.47878,"2020-06-07",0.0658,4920,104,"city","SP",935,19,103
"105","São Paulo",3550308,2020-06-08,24,12252023,"False","False",75699,617.84899,"2020-06-08",0.0652,4937,105,"city","SP",903,17,104
"106","São Paulo",3550308,2020-06-09,24,12252023,"False","False",78026,636.84177,"2020-06-09",0.065,5073,106,"city","SP",2327,136,105
"107","São Paulo",3550308,2020-06-10,24,12252023,"False","False",80457,656.68339,"2020-06-10",0.065,5232,107,"city","SP",2431,159,106
"108","São Paulo",3550308,2020-06-11,24,12252023,"False","False",83076,678.05945,"2020-06-11",0.0645,5357,108,"city","SP",2619,125,107
"109","São Paulo",3550308,2020-06-12,24,12252023,"False","False",85622,698.83969,"2020-06-12",0.064,5480,109,"city","SP",2546,123,108
"110","São Paulo",3550308,2020-06-13,24,12252023,"False","False",88025,718.45278,"2020-06-13",0.0636,5599,110,"city","SP",2403,119,109
"111","São Paulo",3550308,2020-06-14,25,12252023,"False","False",91198,744.35055,"2020-06-14",0.0617,5623,111,"city","SP",3173,24,110
"112","São Paulo",3550308,2020-06-15,25,12252023,"False","False",93448,762.71486,"2020-06-15",0.0605,5652,112,"city","SP",2250,29,111
"113","São Paulo",3550308,2020-06-16,25,12252023,"False","False",97676,797.22345,"2020-06-16",0.0596,5819,113,"city","SP",4228,167,112
"114","São Paulo",3550308,2020-06-17,25,12252023,"False","False",98132,800.94528,"2020-06-17",0.0607,5959,114,"city","SP",456,140,113
"115","São Paulo",3550308,2020-06-18,25,12252023,"False","False",98530,804.19372,"2020-06-18",0.0619,6097,115,"city","SP",398,138,114
"116","São Paulo",3550308,2020-06-19,25,12252023,"False","False",105407,860.32323,"2020-06-19",0.0593,6255,116,"city","SP",6877,158,115
"117","São Paulo",3550308,2020-06-20,25,12252023,"False","False",105591,861.82502,"2020-06-20",0.0603,6371,117,"city","SP",184,116,116
"118","São Paulo",3550308,2020-06-21,26,12252023,"False","False",106540,869.57068,"2020-06-21",0.0599,6387,118,"city","SP",949,16,117
"119","São Paulo",3550308,2020-06-22,26,12252023,"False","False",107731,879.29153,"2020-06-22",0.0594,6404,119,"city","SP",1191,17,118
"120","São Paulo",3550308,2020-06-23,26,12252023,"False","False",110214,899.55757,"2020-06-23",0.0597,6583,120,"city","SP",2483,179,119
"121","São Paulo",3550308,2020-06-24,26,12252023,"False","False",113261,924.42693,"2020-06-24",0.0589,6675,121,"city","SP",3047,92,120
"122","São Paulo",3550308,2020-06-25,26,12252023,"False","False",117311,957.48269,"2020-06-25",0.0579,6794,122,"city","SP",4050,119,121
"123","São Paulo",3550308,2020-06-26,26,12252023,"False","False",121163,988.9224,"2020-06-26",0.0568,6880,123,"city","SP",3852,86,122
"124","São Paulo",3550308,2020-06-27,26,12252023,"False","False",122759,1001.94882,"2020-06-27",0.0569,6982,124,"city","SP",1596,102,123
"125","São Paulo",3550308,2020-06-28,27,12252023,"False","False",124105,1012.93476,"2020-06-28",0.0564,7003,125,"city","SP",1346,21,124
"126","São Paulo",3550308,2020-06-29,27,12252023,"False","False",125012,1020.33762,"2020-06-29",0.0562,7026,126,"city","SP",907,23,125
"127","São Paulo",3550308,2020-06-30,27,12252023,"False","False",127119,1037.53478,"2020-06-30",0.0563,7162,127,"city","SP",2107,136,126
"128","São Paulo",3550308,2020-07-01,27,12252023,"False","False",129328,1055.56446,"2020-07-01",0.0561,7258,128,"city","SP",2209,96,127
"129","São Paulo",3550308,2020-07-02,27,12252023,"False","False",134984,1101.72826,"2020-07-02",0.0546,7370,129,"city","SP",5656,112,128
"130","São Paulo",3550308,2020-07-03,27,12252023,"False","False",137074,1118.78667,"2020-07-03",0.0546,7479,130,"city","SP",2090,109,129
"131","São Paulo",3550308,2020-07-04,27,12252023,"False","False",137762,1124.40207,"2020-07-04",0.0551,7597,131,"city","SP",688,118,130
"132","São Paulo",3550308,2020-07-05,28,12252023,"False","False",139871,1141.61555,"2020-07-05",0.0545,7621,132,"city","SP",2109,24,131
"133","São Paulo",3550308,2020-07-06,28,12252023,"False","False",140231,1144.55384,"2020-07-06",0.0544,7634,133,"city","SP",360,13,132
"134","São Paulo",3550308,2020-07-07,28,12252023,"False","False",142502,1163.08956,"2020-07-07",0.0543,7743,134,"city","SP",2271,109,133
"135","São Paulo",3550308,2020-07-08,28,12252023,"False","False",144573,1179.99289,"2020-07-08",0.0544,7864,135,"city","SP",2071,121,134
"136","São Paulo",3550308,2020-07-09,28,12252023,"False","False",146739,1197.6716,"2020-07-09",0.0543,7964,136,"city","SP",2166,100,135
"137","São Paulo",3550308,2020-07-10,28,12252023,"False","False",149431,1219.64348,"2020-07-10",0.0541,8089,137,"city","SP",2692,125,136
"138","São Paulo",3550308,2020-07-11,28,12252023,"False","False",151365,1235.42863,"2020-07-11",0.054,8176,138,"city","SP",1934,87,137
"139","São Paulo",3550308,2020-07-12,29,12252023,"False","False",152806,1247.18995,"2020-07-12",0.0537,8212,139,"city","SP",1441,36,138
"140","São Paulo",3550308,2020-07-13,29,12252023,"False","False",154013,1257.04139,"2020-07-13",0.0534,8231,140,"city","SP",1207,19,139
"141","São Paulo",3550308,2020-07-14,29,12252023,"False","False",158802,1296.12881,"2020-07-14",0.0525,8336,141,"city","SP",4789,105,140
"142","São Paulo",3550308,2020-07-15,29,12252023,"False","False",160326,1308.56757,"2020-07-15",0.0527,8451,142,"city","SP",1524,115,141
"143","São Paulo",3550308,2020-07-16,29,12252023,"False","False",162242,1324.20581,"2020-07-16",0.0529,8585,143,"city","SP",1916,134,142
"144","São Paulo",3550308,2020-07-17,29,12252023,"False","False",163624,1335.48558,"2020-07-17",0.0531,8696,144,"city","SP",1382,111,143
"145","São Paulo",3550308,2020-07-18,29,12252023,"False","False",165094,1347.4836,"2020-07-18",0.0531,8770,145,"city","SP",1470,74,144
"146","São Paulo",3550308,2020-07-19,30,12252023,"False","False",166073,1355.47411,"2020-07-19",0.0529,8778,146,"city","SP",979,8,145
"147","São Paulo",3550308,2020-07-20,30,12252023,"False","False",166348,1357.71864,"2020-07-20",0.0529,8799,147,"city","SP",275,21,146
"148","São Paulo",3550308,2020-07-21,30,12252023,"False","False",167801,1369.57791,"2020-07-21",0.0532,8920,148,"city","SP",1453,121,147
"149","São Paulo",3550308,2020-07-22,30,12252023,"False","False",171119,1396.65915,"2020-07-22",0.0527,9025,149,"city","SP",3318,105,148
"150","São Paulo",3550308,2020-07-23,30,12252023,"False","False",173710,1417.80668,"2020-07-23",0.0524,9098,150,"city","SP",2591,73,149
"151","São Paulo",3550308,2020-07-24,30,12252023,"False","False",176190,1438.04823,"2020-07-24",0.052,9156,151,"city","SP",2480,58,150
"152","São Paulo",3550308,2020-07-25,30,12252023,"False","False",179115,1461.92184,"2020-07-25",0.0514,9205,152,"city","SP",2925,49,151
"153","São Paulo",3550308,2020-07-26,31,12252023,"False","False",179777,1467.32503,"2020-07-26",0.0513,9222,153,"city","SP",662,17,152
"154","São Paulo",3550308,2020-07-27,31,12252023,"False","False",182027,1485.68934,"2020-07-27",0.0508,9241,154,"city","SP",2250,19,153
"155","São Paulo",3550308,2020-07-28,31,12252023,"False","False",185708,1515.73336,"2020-07-28",0.0502,9318,155,"city","SP",3681,77,154
"156","São Paulo",3550308,2020-07-29,31,12252023,"False","False",188827,1541.19038,"2020-07-29",0.0498,9396,156,"city","SP",3119,78,155
"157","São Paulo",3550308,2020-07-30,31,12252023,"False","False",193684,1580.83281,"2020-07-30",0.0489,9470,157,"city","SP",4857,74,156
"158","São Paulo",3550308,2020-07-31,31,12252023,"False","False",197560,1612.46841,"2020-07-31",0.0483,9549,158,"city","SP",3876,79,157
"159","São Paulo",3550308,2020-08-01,31,12252023,"False","False",199674,1629.7227,"2020-08-01",0.0482,9619,159,"city","SP",2114,70,158
"160","São Paulo",3550308,2020-08-02,32,12252023,"False","False",200444,1636.00738,"2020-08-02",0.0481,9634,160,"city","SP",770,15,159
"161","São Paulo",3550308,2020-08-03,32,12252023,"False","False",200705,1638.13764,"2020-08-03",0.0481,9644,161,"city","SP",261,10,160
"162","São Paulo",3550308,2020-08-04,32,12252023,"False","False",203279,1659.14641,"2020-08-04",0.0477,9702,162,"city","SP",2574,58,161
"163","São Paulo",3550308,2020-08-05,32,12252023,"False","False",206102,1682.1875,"2020-08-05",0.0476,9806,163,"city","SP",2823,104,162
"164","São Paulo",3550308,2020-08-06,32,12252023,"False","False",209559,1710.40325,"2020-08-06",0.0473,9909,164,"city","SP",3457,103,163
"165","São Paulo",3550308,2020-08-07,32,12252023,"False","False",211469,1725.99252,"2020-08-07",0.0473,10012,165,"city","SP",1910,103,164
"166","São Paulo",3550308,2020-08-08,32,12252023,"False","False",213507,1742.6265,"2020-08-08",0.0472,10085,166,"city","SP",2038,73,165
"167","São Paulo",3550308,2020-08-09,33,12252023,"False","False",214094,1747.41755,"2020-08-09",0.0472,10099,167,"city","SP",587,14,166
"168","São Paulo",3550308,2020-08-10,33,12252023,"False","False",214329,1749.3356,"2020-08-10",0.0472,10107,168,"city","SP",235,8,167
"169","São Paulo",3550308,2020-08-11,33,12252023,"False","False",217244,1773.12759,"2020-08-11",0.047,10221,169,"city","SP",2915,114,168
"170","São Paulo",3550308,2020-08-12,33,12252023,"False","False",224140,1829.41217,"2020-08-12",0.046,10311,170,"city","SP",6896,90,169
"171","São Paulo",3550308,2020-08-13,33,12252023,"False","False",231203,1887.05979,"2020-08-13",0.0452,10453,171,"city","SP",7063,142,170
"172","São Paulo",3550308,2020-08-14,33,12252023,"False","False",233987,1909.78257,"2020-08-14",0.0451,10563,172,"city","SP",2784,110,171
"173","São Paulo",3550308,2020-08-15,33,12252023,"False","False",235519,1922.28663,"2020-08-15",0.045,10592,173,"city","SP",1532,29,172
"174","São Paulo",3550308,2020-08-16,34,12252023,"False","False",235866,1925.11882,"2020-08-16",0.045,10605,174,"city","SP",347,13,173
"175","São Paulo",3550308,2020-08-17,34,12252023,"False","False",236163,1927.5429,"2020-08-17",0.045,10625,175,"city","SP",297,20,174
"176","São Paulo",3550308,2020-08-18,34,12252023,"False","False",237934,1941.99766,"2020-08-18",0.045,10700,176,"city","SP",1771,75,175
"177","São Paulo",3550308,2020-08-19,34,12252023,"False","False",240115,1959.7988,"2020-08-19",0.0448,10761,177,"city","SP",2181,61,176
"178","São Paulo",3550308,2020-08-20,34,12252023,"False","False",241764,1973.2578,"2020-08-20",0.0449,10863,178,"city","SP",1649,102,177
"179","São Paulo",3550308,2020-08-21,34,12252023,"False","False",242589,1979.99139,"2020-08-21",0.0451,10936,179,"city","SP",825,73,178
"180","São Paulo",3550308,2020-08-22,34,12252023,"False","False",246492,2011.84735,"2020-08-22",0.0446,11003,180,"city","SP",3903,67,179
"181","São Paulo",3550308,2020-08-23,35,12252023,"False","False",247403,2019.28286,"2020-08-23",0.0446,11023,181,"city","SP",911,20,180
"182","São Paulo",3550308,2020-08-24,35,12252023,"False","False",247730,2021.9518,"2020-08-24",0.0445,11031,182,"city","SP",327,8,181
"183","São Paulo",3550308,2020-08-25,35,12252023,"False","False",250171,2041.87504,"2020-08-25",0.0445,11141,183,"city","SP",2441,110,182
"184","São Paulo",3550308,2020-08-26,35,12252023,"False","False",252063,2057.31739,"2020-08-26",0.0445,11215,184,"city","SP",1892,74,183
"185","São Paulo",3550308,2020-08-27,35,12252023,"False","False",254146,2074.31867,"2020-08-27",0.0444,11278,185,"city","SP",2083,63,184
"186","São Paulo",3550308,2020-08-28,35,12252023,"False","False",256511,2093.6216,"2020-08-28",0.0442,11344,186,"city","SP",2365,66,185
"187","São Paulo",3550308,2020-08-29,35,12252023,"False","True",256511,2093.6216,"2020-08-28",0.0442,11344,187,"city","SP",0,0,186
"188","São Paulo",3550308,2020-08-30,36,12252023,"False","False",257778,2103.96275,"2020-08-30",0.0442,11400,188,"city","SP",1267,56,187
"189","São Paulo",3550308,2020-08-31,36,12252023,"False","False",257949,2105.35844,"2020-08-31",0.0442,11408,189,"city","SP",171,8,188
"190","São Paulo",3550308,2020-09-01,36,12252023,"False","False",260991,2130.18699,"2020-09-01",0.044,11478,190,"city","SP",3042,70,189
"191","São Paulo",3550308,2020-09-02,36,12252023,"False","False",262570,2143.07466,"2020-09-02",0.044,11554,191,"city","SP",1579,76,190
"192","São Paulo",3550308,2020-09-03,36,12252023,"False","False",265066,2163.4468,"2020-09-03",0.0438,11611,192,"city","SP",2496,57,191
"193","São Paulo",3550308,2020-09-04,36,12252023,"False","False",266232,2172.9636,"2020-09-04",0.0438,11666,193,"city","SP",1166,55,192
"194","São Paulo",3550308,2020-09-05,36,12252023,"False","False",267477,2183.12519,"2020-09-05",0.0438,11717,194,"city","SP",1245,51,193
"195","São Paulo",3550308,2020-09-06,37,12252023,"False","False",267767,2185.49214,"2020-09-06",0.0438,11731,195,"city","SP",290,14,194
"196","São Paulo",3550308,2020-09-07,37,12252023,"False","True",267767,2185.49214,"2020-09-06",0.0438,11731,196,"city","SP",0,0,195
"197","São Paulo",3550308,2020-09-08,37,12252023,"False","False",268347,2190.22605,"2020-09-08",0.0437,11740,197,"city","SP",580,9,196
"198","São Paulo",3550308,2020-09-09,37,12252023,"False","False",270000,2203.7177,"2020-09-09",0.0439,11856,198,"city","SP",1653,116,197
"199","São Paulo",3550308,2020-09-10,37,12252023,"False","False",271505,2216.00139,"2020-09-10",0.044,11933,199,"city","SP",1505,77,198
"200","São Paulo",3550308,2020-09-11,37,12252023,"False","False",272857,2227.0363,"2020-09-11",0.044,12003,200,"city","SP",1352,70,199
"201","São Paulo",3550308,2020-09-12,37,12252023,"False","False",274173,2237.77739,"2020-09-12",0.0439,12048,201,"city","SP",1316,45,200
"202","São Paulo",3550308,2020-09-13,38,12252023,"False","False",274467,2240.17699,"2020-09-13",0.0439,12057,202,"city","SP",294,9,201
"203","São Paulo",3550308,2020-09-14,38,12252023,"True","False",274740,2242.40519,"2020-09-14",0.0439,12068,203,"city","SP",273,11,202
